node,x,y,category
W_JIN0,4963.01,4003.59,Intermediary node
W_JTN1,4963.01,3902.03,Terminal node
W_JIN2,5234.78,3994.98,Intermediary node
W_JTN3,5235.45,3890.98,Terminal node
W_JIN4,5479.86,3997.15,Intermediary node
W_JTN5,5479.86,4072.11,Terminal node
W_JIN6,5514.46,3994.98,Intermediary node
W_JTN7,5515.9,3900.56,Terminal node
W_JIN8,5271.54,3995.71,Intermediary node
W_JTN9,5271.54,4085.09,Terminal node
W_JIN10,4911.32,3995.27,Intermediary node
W_JTN11,4918.5,4104.4,Terminal node
W_JTN13,5766.74,4121.13,Terminal node
W_JTN15,5706.19,3867.4,Terminal node
W_JIN16,6021.91,3994.98,Intermediary node
W_JTN17,6020.74,4104.4,Terminal node
W_JTN19,6056.49,3883.95,Terminal node
W_JTN21,6396.1,4116.31,Terminal node
W_JTN23,6366.31,3895.86,Terminal node
W_JTN25,6663.03,3890.04,Terminal node
W_JTN27,6964.01,4112.48,Terminal node
W_JTN29,7006.54,3869.56,Terminal node
W_JTN31,4890.04,3556.66,Terminal node
W_JTN33,4980.3,3553.14,Terminal node
W_JIN34,5164.94,3600.5,Intermediary node
W_JTN35,5122.28,3563.77,Terminal node
W_JTN37,5212.33,3564.95,Terminal node
W_JTN39,5386.76,3555.56,Terminal node
W_JTN41,5497.89,3557.84,Terminal node
W_JTN43,5621.12,3569.69,Terminal node
W_JIN44,5655.48,3601.68,Intermediary node
W_JTN45,5700.5,3561.4,Terminal node
W_JTN47,5794.22,3553.92,Terminal node
W_JTN49,5882.98,3550.74,Terminal node
W_JTN51,5990.8,3553.1,Terminal node
W_JIN52,6028.72,3601.68,Intermediary node
W_JTN53,6079.67,3555.48,Terminal node
W_JTN55,6180.38,3563.77,Terminal node
W_JTN57,6260.95,3561.4,Terminal node
W_JIN58,6385.37,3604.06,Intermediary node
W_JTN59,6343.9,3563.77,Terminal node
W_JTN61,6425.65,3560.21,Terminal node
W_JTN63,5642.67,3667.66,Terminal node
W_JIN64,5732.5,3604.06,Intermediary node
W_JTN65,5732.5,3645.52,Terminal node
W_JTN67,5837.95,3652.64,Terminal node
W_JIN68,5935.11,3602.87,Intermediary node
W_JTN69,5935.11,3645.52,Terminal node
W_JTN71,6029.9,3646.71,Terminal node
W_JIN72,6124.69,3606.42,Intermediary node
W_JTN73,6128.25,3647.9,Terminal node
W_JIN74,6218.3,3604.06,Intermediary node
W_JTN75,6218.3,3657.38,Terminal node
W_JTN77,6342.71,3653.82,Terminal node
W_JTN79,6429.21,3640.78,Terminal node
W_JIN80,6555.99,3607.61,Intermediary node
W_JTN81,6519.26,3640.78,Terminal node
W_JTN83,6599.83,3645.52,Terminal node
W_JTN85,6509.78,3556.66,Terminal node
W_JTN87,6602.2,3567.32,Terminal node
W_JTN89,6702.92,3646.71,Terminal node
W_JIN90,6751.5,3606.42,Intermediary node
W_JTN91,6794.15,3655,Terminal node
W_JTN93,6696.99,3562.58,Terminal node
W_JTN95,6784.67,3561.4,Terminal node
W_JTN97,6897.24,3647.9,Terminal node
W_JIN98,6925.67,3605.24,Intermediary node
W_JTN99,6964.77,3645.52,Terminal node
W_JTN101,6886.57,3561.4,Terminal node
W_JTN103,6970.7,3561.4,Terminal node
W_JIN104,7119.15,3608.99,Intermediary node
W_JTN105,7097.32,3644.97,Terminal node
W_JTN107,7161.61,3643.14,Terminal node
W_JTN109,7150.5,3567.14,Terminal node
W_JIN110,4928.43,3602.86,Intermediary node
W_JTN111,4953.66,3639.62,Terminal node
W_JTN113,4890.23,3637.46,Terminal node
W_JTN115,5192.97,3646.83,Terminal node
W_JTN117,5129.54,3648.27,Terminal node
W_JIN118,5442.37,3601.42,Intermediary node
W_JTN119,5445.26,3652.6,Terminal node
W_JIN120,5340.74,3602.86,Intermediary node
W_JTN121,5332.09,3646.11,Terminal node
W_JIN122,5545.45,3602.86,Intermediary node
W_JTN123,5538.96,3647.55,Terminal node
W_JTN125,6788.13,4477.21,Terminal node
W_JTN127,6695.87,4470.72,Terminal node
W_JTN129,6619.46,4470,Terminal node
W_JTN131,6679.29,4364.76,Terminal node
W_JTN133,6615.14,4378.46,Terminal node
W_JTN135,6522.15,4480.81,Terminal node
W_JTN137,6522.87,4374.13,Terminal node
W_JTN139,6442.86,4384.94,Terminal node
W_JIN140,6367.17,4421.71,Intermediary node
W_JTN141,6407.54,4475.05,Terminal node
W_JTN143,6362.85,4370.53,Terminal node
W_JTN145,6310.95,4472.88,Terminal node
W_JTN147,6232.38,4482.26,Terminal node
W_JTN149,6254.73,4356.11,Terminal node
W_JIN150,6199.23,4420.99,Intermediary node
W_JTN151,6147.33,4367.64,Terminal node
W_JIN152,6001,4419.54,Intermediary node
W_JTN153,6042.81,4478.65,Terminal node
W_JTN155,6054.34,4371.25,Terminal node
W_JTN157,5954.15,4362.6,Terminal node
W_JTN159,6140.12,4466.4,Terminal node
W_JTN161,5933.97,4468.56,Terminal node
W_JIN162,5799.69,4419.17,Intermediary node
W_JTN163,5843.87,4485.14,Terminal node
W_JIN164,5864.77,4417.38,Intermediary node
W_JTN165,5861.16,4376.97,Terminal node
W_JTN166,5731.42,4477.93,Terminal node
W_JTN167,5779.71,4359.72,Terminal node
W_JTN169,5406.33,4477.93,Terminal node
W_JTN170,5445.39,4381.01,Terminal node
W_JTN171,5372.46,4377.74,Terminal node
W_JIN172,5595.18,4458.47,Intermediary node
W_JTN173,5647.08,4458.47,Terminal node
W_JIN174,5595.18,4450.54,Intermediary node
W_JTN175,5535.36,4450.54,Terminal node
W_JIN176,5597.35,4374.13,Intermediary node
W_JTN177,5646.36,4374.13,Terminal node
W_JIN178,5598.07,4392.88,Intermediary node
W_JTN179,5549.78,4392.15,Terminal node
W_JTN181,5240.54,4470.72,Terminal node
W_JTN182,5220.81,4347.32,Terminal node
W_JTN183,5137.47,4470,Terminal node
W_JTN184,5133.86,4379.18,Terminal node
W_JTN186,5018.54,4468.56,Terminal node
W_JTN187,4897.44,4471.44,Terminal node
W_JTN188,5008.44,4369.09,Terminal node
W_JTN189,4911.86,4374.85,Terminal node
W_JTN191,4914.74,4745.35,Terminal node
W_JTN193,5005.56,4735.98,Terminal node
W_JTN195,5118.37,4731.01,Terminal node
W_JTN197,5292.31,4736.74,Terminal node
W_JTN199,5414.65,4719.54,Terminal node
W_JTN201,5552.28,4715.72,Terminal node
W_JTN203,5669.83,4856.26,Terminal node
W_JTN205,5639.36,4731.7,Terminal node
W_JTN207,5757.29,4846.99,Terminal node
W_JTN209,5741.39,4726.4,Terminal node
W_JTN211,5851.37,4843.02,Terminal node
W_JTN213,5931.72,4730.12,Terminal node
W_JTN215,5944.13,4836.39,Terminal node
W_JTN217,5850.05,4739.66,Terminal node
W_JTN219,6050.14,4843.02,Terminal node
W_JTN221,6157.47,4840.36,Terminal node
W_JTN222,6101.82,4747.61,Terminal node
W_JTN224,6039.54,4748.93,Terminal node
W_JTN226,6254.2,4839.04,Terminal node
W_JTN227,6354.91,4837.71,Terminal node
W_JTN228,6304.56,4733.03,Terminal node
W_JTN230,6218.42,4744.96,Terminal node
W_JTN232,6381.41,4739.66,Terminal node
W_JTN234,6463.57,4844.34,Terminal node
W_JTN236,6462.24,4743.63,Terminal node
W_JTN238,6574.98,4836.36,Terminal node
W_JTN239,6558.71,4758.96,Terminal node
W_JTN240,6625.79,4761.73,Terminal node
W_JTN242,6684.14,4819.69,Terminal node
W_JTN243,6743.29,4825.24,Terminal node
W_JTN244,6710.34,4757.37,Terminal node
W_JTN245,5662.76,5103.65,Terminal node
W_JIN246,5705.18,5061.23,Intermediary node
W_JTN247,5752.35,5100.39,Terminal node
W_JTN248,5734.84,5011.98,Terminal node
W_JTN249,5671.06,5014.95,Terminal node
W_JIN250,5900.09,5060.34,Intermediary node
W_JTN251,5956.36,5111.28,Terminal node
W_JTN252,5852.32,5096.23,Terminal node
W_JTN253,5862.71,5017.91,Terminal node
W_JTN254,5932.72,5020.88,Terminal node
W_JIN255,6102.42,5058.85,Intermediary node
W_JTN256,6149.88,5102.76,Terminal node
W_JTN257,6064.15,5020.88,Terminal node
W_JTN258,6132.38,5015.54,Terminal node
W_JTN259,6063.55,5093.27,Terminal node
W_JTN261,6358.44,5106.62,Terminal node
W_JTN262,6251.05,5108.1,Terminal node
W_JTN263,6259.06,5004.86,Terminal node
W_JTN264,6346.28,5002.49,Terminal node
W_JIN265,6502,5066.04,Intermediary node
W_JTN266,6547.42,5093.27,Terminal node
W_JTN267,6466.13,5016.13,Terminal node
W_JTN268,6539.41,5015.24,Terminal node
W_JTN269,6457.23,5098.31,Terminal node
W_JTN271,6742.92,5095.94,Terminal node
W_JTN272,6741.14,5003.67,Terminal node
W_JTN273,6661.63,5013.76,Terminal node
W_JTN274,6665.19,5086.74,Terminal node
W_JTN276,7157.19,4343.86,Terminal node
W_JTN278,7147.82,4473.6,Terminal node
W_JTN280,7080.06,4469.28,Terminal node
W_JTN282,7000.77,4360.44,Terminal node
W_JTN284,6979.15,4485.14,Terminal node
W_JTN286,6907.79,4368.37,Terminal node
W_JTN288,6881.84,4482.98,Terminal node
W_JTN290,6858.8,4829.61,Terminal node
W_JTN291,6903.66,4758.96,Terminal node
W_JTN293,7039.81,4831.99,Terminal node
W_JTN294,7019.17,4746.65,Terminal node
W_JTN295,6968.36,4828.42,Terminal node
W_JTN297,7163.66,4833.98,Terminal node
W_JTN299,7103.32,4749.82,Terminal node
W_JTN300,7158.1,4750.62,Terminal node
W_JTN302,6944.36,5106.91,Terminal node
W_JTN303,6935.75,5006.64,Terminal node
W_JTN304,6850.61,5010.5,Terminal node
W_JTN305,6856.25,5085.55,Terminal node
W_JTN307,7153.8,5098.61,Terminal node
W_JTN308,7146.68,5010.5,Terminal node
W_JTN309,7061.54,5019.99,Terminal node
W_JTN310,7057.09,5099.2,Terminal node
W_JIN311,7094.77,5326.74,Intermediary node
W_JTN312,7140.75,5381.03,Terminal node
W_JTN313,7137.19,5278.09,Terminal node
W_JTN314,7058.58,5292.33,Terminal node
W_JTN315,7047,5375.1,Terminal node
W_JIN316,6895.11,5328.23,Intermediary node
W_JTN317,6945.84,5384.89,Terminal node
W_JTN318,6941.69,5271.56,Terminal node
W_JTN319,6849.72,5285.21,Terminal node
W_JTN320,6841.41,5381.33,Terminal node
W_JIN321,6692.19,5328.52,Intermediary node
W_JTN322,6742.03,5374.8,Terminal node
W_JTN323,6735.8,5281.06,Terminal node
W_JTN324,6649.17,5290.25,Terminal node
W_JTN325,6649.77,5364.72,Terminal node
W_JIN326,6499.36,5328.82,Intermediary node
W_JTN327,6543.86,5375.1,Terminal node
W_JTN328,6544.45,5278.09,Terminal node
W_JTN329,6453.08,5284.91,Terminal node
W_JTN330,6459.01,5374.8,Terminal node
W_JIN331,6298.81,5330.3,Intermediary node
W_JTN332,6342.72,5377.77,Terminal node
W_JTN333,6352.21,5271.86,Terminal node
W_JTN334,6255.2,5282.54,Terminal node
W_JTN335,6261.43,5374.51,Terminal node
W_JIN336,6104.49,5330.9,Intermediary node
W_JTN337,6139.8,5372.13,Terminal node
W_JTN338,6140.98,5288.18,Terminal node
W_JTN339,6071.86,5295.3,Terminal node
W_JTN340,6070.57,5370.03,Terminal node
W_JIN341,5898.31,5331.19,Intermediary node
W_JTN342,5953.78,5382.81,Terminal node
W_JTN343,5950.22,5276.01,Terminal node
W_JTN344,5849.66,5284.91,Terminal node
W_JTN345,5857.07,5371.84,Terminal node
W_JIN346,5700.43,5332.38,Intermediary node
W_JTN347,5738.4,5375.99,Terminal node
W_JTN348,5726.84,5285.21,Terminal node
W_JTN349,5659.2,5292.03,Terminal node
W_JIN350,5644.36,5332.08,Intermediary node
W_JTN351,5644.06,5403.58,Terminal node
W_JIN352,5695.68,5622.22,Intermediary node
W_JTN353,5652.37,5584.84,Terminal node
W_JTN354,5747.9,5579.8,Terminal node
W_JIN355,5895.04,5621.93,Intermediary node
W_JTN356,5839.27,5566.45,Terminal node
W_JTN357,5951.41,5564.38,Terminal node
W_JIN358,6106.87,5621.34,Intermediary node
W_JTN359,6054.06,5566.75,Terminal node
W_JTN360,6150.77,5563.48,Terminal node
W_JIN361,6297.03,5621.34,Intermediary node
W_JTN362,6253.12,5570.01,Terminal node
W_JTN363,6358.44,5562.6,Terminal node
W_JIN364,6491.35,5621.04,Intermediary node
W_JTN365,6439.73,5576.84,Terminal node
W_JTN366,6544.15,5570.01,Terminal node
W_JIN367,6682.99,5620.74,Intermediary node
W_JTN368,6623.36,5566.45,Terminal node
W_JTN369,6757.34,5547.99,Terminal node
W_JIN370,6892.74,5620.15,Intermediary node
W_JTN371,6843.49,5580.69,Terminal node
W_JTN372,6952.07,5573.57,Terminal node
W_JIN373,7090.32,5619.85,Intermediary node
W_JTN374,7036.32,5583.66,Terminal node
W_JTN375,7161.82,5572.09,Terminal node
W_JTN379,4936.17,5566.32,Terminal node
W_JTN381,4922.08,5361.04,Terminal node
W_JTN383,4917.05,5151.73,Terminal node
W_JTN385,4910,4923.3,Terminal node
W_JTN387,5131.39,5463.68,Terminal node
W_JTN389,5137.42,5256.38,Terminal node
W_JTN391,5140.44,5034,Terminal node
W_JTN393,5138.43,4865.94,Terminal node
W_JTN395,5501.54,5595.67,Terminal node
W_JTN397,5506.84,5367.76,Terminal node
W_JTN399,5509.5,5143.81,Terminal node
W_JTN401,5517.45,4931.8,Terminal node
W_JTN403,5282.9,5469.79,Terminal node
W_JTN405,5293.5,5260.42,Terminal node
W_JTN407,5274.95,5036.48,Terminal node
W_JTN409,5277.6,4862.89,Terminal node
W_JTN411,4972.96,3256.33,Terminal node
W_JIN412,4927.96,3218.97,Intermediary node
W_JTN413,4888.86,3261.62,Terminal node
W_JIN414,5150.72,3216.6,Intermediary node
W_JTN415,5185.08,3275.84,Terminal node
W_JTN416,5109.25,3268.73,Terminal node
W_JIN417,5432.72,3215.41,Intermediary node
W_JTN418,5397.18,3272.29,Terminal node
W_JTN420,5481.3,3266.36,Terminal node
W_JTN422,5634.15,3265.18,Terminal node
W_JIN423,5664.96,3214.23,Intermediary node
W_JTN424,5711.17,3262.81,Terminal node
W_JTN426,5899.56,3267.55,Terminal node
W_JIN427,5858.09,3215.41,Intermediary node
W_JTN428,5822.55,3268.73,Terminal node
W_JTN430,6021.61,3267.55,Terminal node
W_JIN431,6066.63,3210.67,Intermediary node
W_JTN432,6102.18,3267.55,Terminal node
W_JTN434,6199.34,3272.29,Terminal node
W_JIN435,6239.62,3215.41,Intermediary node
W_JTN436,6276.36,3265.18,Terminal node
W_JTN438,6397.22,3265.18,Terminal node
W_JTN440,6455.28,3266.36,Terminal node
W_JIN441,7168.04,3218.69,Intermediary node
W_JTN442,7135.3,3252.6,Terminal node
W_JTN444,7197.4,3257.52,Terminal node
W_JTN446,7011.94,3264.88,Terminal node
W_JIN447,6980.37,3217.52,Intermediary node
W_JTN448,6944.12,3261.95,Terminal node
W_JIN449,6803.17,3216.51,Intermediary node
W_JTN450,6833.62,3266.63,Terminal node
W_JTN452,6762.3,3268.38,Terminal node
W_JTN454,6651.8,3268.97,Terminal node
W_JIN455,6616.72,3216.35,Intermediary node
W_JTN456,6582.22,3271.89,Terminal node
W_JIN457,6102.12,2754.14,Intermediary node
W_JTN458,6111.4,2433.34,Terminal node
W_JTN459,6048.9,2456.78,Terminal node
W_JTN460,6166.08,2456.78,Terminal node
W_JIN461,4355.11,3996.14,Intermediary node
W_JTN462,4354.88,3909.05,Terminal node
W_JIN463,4402.53,3996.05,Intermediary node
W_JTN464,4402.22,4020.3,Terminal node
W_JTN466,3406.57,3677.52,Terminal node
W_JIN467,3533.34,3602.21,Intermediary node
W_JTN468,3534.74,3665.68,Terminal node
W_JTN469,3406.57,3556.66,Terminal node
W_JTN470,3531.58,3552.58,Terminal node
W_JTN472,3665.04,3541.37,Terminal node
W_JTN474,3798.77,3541.26,Terminal node
W_JTN476,3937.4,3553.1,Terminal node
W_JTN478,3663.69,3658.56,Terminal node
W_JTN479,3797.58,3652.64,Terminal node
W_JTN480,3908.37,3644.23,Terminal node
W_JTN482,4093.8,3529.41,Terminal node
W_JTN484,4296.42,3534.15,Terminal node
W_JIN485,4452.88,3602.82,Intermediary node
W_JTN486,4454.01,3540.07,Terminal node
W_JTN488,4595.45,3548.53,Terminal node
W_JIN489,4731.27,3604.06,Intermediary node
W_JTN490,4731.27,3548.36,Terminal node
W_JTN492,4298.79,3665.67,Terminal node
W_JTN494,4593.1,3677.82,Terminal node
W_JTN496,3406.14,4085.13,Terminal node
W_JTN498,3542.85,4072.7,Terminal node
W_JTN499,3408.21,3913.19,Terminal node
W_JTN501,3547,3909.05,Terminal node
W_JIN502,3775.34,3997.02,Intermediary node
W_JTN503,3774.55,4056.73,Terminal node
W_JIN504,3810.26,3995.71,Intermediary node
W_JTN505,3810.08,3919.41,Terminal node
W_JTN507,3658.86,3919.41,Terminal node
W_JIN508,3955.24,3995.78,Intermediary node
W_JTN509,3944.73,3909.05,Terminal node
W_JIN510,4104.52,3996.58,Intermediary node
W_JTN511,4111.49,3902.03,Terminal node
W_JIN512,4638.68,3993.98,Intermediary node
W_JTN513,4642.71,3902.03,Terminal node
W_JTN514,4638.47,4080.56,Terminal node
W_JTN516,4353.66,4347.32,Terminal node
W_JTN518,4078.41,4330.8,Terminal node
W_JTN520,3953.01,4354.42,Terminal node
W_JTN522,3857.72,4354.42,Terminal node
W_JTN524,3757.53,4332.26,Terminal node
W_JTN526,3660.93,4329.56,Terminal node
W_JTN528,4100.09,4518.07,Terminal node
W_JTN530,4323.81,4511.86,Terminal node
W_JTN532,4485.19,4518.72,Terminal node
W_JTN534,4651.11,4507.72,Terminal node
W_JTN536,3536.64,4503.57,Terminal node
W_JTN537,3540.78,4323.35,Terminal node
W_JTN539,3387.49,4507.72,Terminal node
W_JTN540,3390.36,4331.64,Terminal node
W_JTN542,2860.34,3662.11,Terminal node
W_JTN543,2860.34,3542.44,Terminal node
W_JTN545,3013.19,3657.38,Terminal node
W_JTN547,3009.64,3535.33,Terminal node
W_JTN549,2938.54,3546,Terminal node
W_JTN551,3150.64,3656.19,Terminal node
W_JTN552,3149.45,3550.74,Terminal node
W_JTN554,3271.5,3645.52,Terminal node
W_JTN555,3271.5,3546,Terminal node
W_JTN557,2857.18,4089.27,Terminal node
W_JTN559,3147.2,4083.06,Terminal node
W_JTN561,3265.27,4058.2,Terminal node
W_JTN562,2857.18,3921.48,Terminal node
W_JTN564,2992.29,3919.22,Terminal node
W_JTN565,3149.27,3921.48,Terminal node
W_JTN566,3271.49,3931.84,Terminal node
W_JTN568,3256.99,4503.57,Terminal node
W_JTN569,3256.99,4346.14,Terminal node
W_JTN571,2911.04,4576.08,Terminal node
W_JTN573,3111.98,4590.58,Terminal node
W_JTN575,2908.97,4281.92,Terminal node
W_JTN577,2433.78,3549.55,Terminal node
W_JTN579,2538.06,3544.81,Terminal node
W_JTN581,2639.96,3540.07,Terminal node
W_JTN583,2740.67,3547.18,Terminal node
W_JTN585,2432.6,3662.11,Terminal node
W_JTN587,2638.77,3662.11,Terminal node
W_JTN589,2740.67,3662.11,Terminal node
W_JTN591,2463.6,4072.7,Terminal node
W_JTN593,2596.18,4078.91,Terminal node
W_JTN595,2728.75,4066.48,Terminal node
W_JTN596,2465.67,3902.84,Terminal node
W_JTN598,2596.18,3931.84,Terminal node
W_JTN599,2730.82,3931.84,Terminal node
W_JTN601,2710.11,4333.71,Terminal node
W_JTN603,2581.68,4329.56,Terminal node
W_JTN605,2444.96,4296.42,Terminal node
W_JTN607,2444.96,4526.36,Terminal node
W_JTN609,2581.68,4524.29,Terminal node
W_JTN610,2708.04,4528.43,Terminal node
W_JTN612,3903.34,4701.49,Terminal node
W_JTN614,4112.52,4702.44,Terminal node
W_JTN616,4298.95,4702.44,Terminal node
W_JTN618,4478.53,4691.71,Terminal node
W_JTN620,2453.24,4911.66,Terminal node
W_JTN622,2697.68,4899.23,Terminal node
W_JTN624,2898.62,4915.8,Terminal node
W_JTN626,2589.96,5122.95,Terminal node
W_JTN628,2904.83,5131.24,Terminal node
W_JTN630,3082.98,5154.02,Terminal node
W_JTN632,1925.01,5518.61,Terminal node
W_JTN634,2531.96,5462.68,Terminal node
W_JTN636,2581.68,5282.46,Terminal node
W_JTN638,2915.19,5514.47,Terminal node
W_JTN640,2929.69,5292.82,Terminal node
W_JTN642,3043.62,5537.25,Terminal node
W_JTN644,3074.69,5321.82,Terminal node
W_JTN646,3279.81,5561.92,Terminal node
W_JTN648,3277.7,5419.18,Terminal node
W_JTN650,3277.7,5265.89,Terminal node
W_JTN652,3312.92,5166.45,Terminal node
W_JTN654,3296.34,5089.81,Terminal node
W_JTN656,3314.99,4992.45,Terminal node
W_JTN658,3300.49,4907.52,Terminal node
W_JVN659,3198.98,4826.73,Intermediary node
W_JTN660,3302.56,4826.73,Terminal node
W_JTN662,3522.14,5564.18,Terminal node
W_JTN664,3486.92,5431.61,Terminal node
W_JVN665,3601.46,5288.6,Intermediary node
W_JTN666,3478.64,5290.74,Terminal node
W_JTN668,3501.42,5172.67,Terminal node
W_JTN670,3482.78,5091.88,Terminal node
W_JTN672,3491.07,4996.59,Terminal node
W_JTN674,3478.64,4915.8,Terminal node
W_JTN676,3532.5,4837.08,Terminal node
W_JTN678,3704.43,4886.8,Terminal node
W_JTN679,3843.22,5087.74,Terminal node
W_JTN681,3787.29,5325.96,Terminal node
W_JTN683,3805.66,5512.53,Terminal node
W_JTN685,1708.25,3678.58,Terminal node
W_JTN687,1713.53,3514.35,Terminal node
W_JTN689,2054.62,3541.26,Terminal node
W_JTN691,2158.89,3532.96,Terminal node
W_JTN693,2248.94,3538.88,Terminal node
W_JTN695,2349.66,3536.52,Terminal node
W_JTN697,2047.93,3261.42,Terminal node
W_JTN699,2170.74,3277.03,Terminal node
W_JTN701,2266.72,3277.03,Terminal node
W_JTN703,2350.84,3284.14,Terminal node
W_JTN705,2444.45,3262.81,Terminal node
W_JTN707,2533.32,3274.66,Terminal node
W_JTN709,2636.4,3273.47,Terminal node
W_JTN711,2746.59,3272.29,Terminal node
W_JTN713,2054.62,3672.78,Terminal node
W_JTN715,2248.94,3666.85,Terminal node
W_JTN717,2839.02,3278.21,Terminal node
W_JTN719,2934.99,3281.77,Terminal node
W_JTN721,3042.82,3269.92,Terminal node
W_JTN723,3151.82,3278.21,Terminal node
W_JTN725,3276.24,3282.95,Terminal node
W_JIN726,3402.94,3219.42,Intermediary node
W_JTN727,3405.39,3272.29,Terminal node
W_JTN729,3540.46,3278.21,Terminal node
W_JTN731,3675.54,3282.95,Terminal node
W_JTN733,3801.14,3281.77,Terminal node
W_JTN735,3936.22,3274.66,Terminal node
W_JTN737,4087.88,3294.8,Terminal node
W_JTN739,4338.04,3277.06,Terminal node
W_JTN741,4452.82,3278.21,Terminal node
W_JTN743,4600.94,3274.66,Terminal node
W_JTN745,4734.82,3280.58,Terminal node
W_JTN747,1688.86,4109.98,Terminal node
W_JTN749,1898.17,4116.34,Terminal node
W_JTN751,2080.37,3915.26,Terminal node
W_JTN753,2287.52,3915.26,Terminal node
W_JTN755,2328.95,4317.14,Terminal node
W_JTN757,2328.95,4513.93,Terminal node
W_JTN759,2223.3,4509.79,Terminal node
W_JTN761,2119.73,4516,Terminal node
W_JTN763,2117.66,4331.64,Terminal node
W_JTN765,2030.66,4522.22,Terminal node
W_JTN767,2337.28,4709.52,Terminal node
W_JTN769,2221.23,4714.86,Terminal node
W_JTN771,2125.94,4708.65,Terminal node
W_JTN773,2036.87,4690.01,Terminal node
W_JTN775,2036.87,4924.09,Terminal node
W_JTN777,2299.68,4918.77,Terminal node
W_JTN779,1914.65,4719.01,Terminal node
W_JTN781,1912.58,4501.5,Terminal node
W_JTN783,1765.5,4520.14,Terminal node
W_JTN785,1641.21,4538.79,Terminal node
W_JTN787,1666.28,4316.07,Terminal node
W_JTN789,1891.86,4310.92,Terminal node
W_JTN791,1641.21,4909.59,Terminal node
W_JTN793,1869.08,5000.73,Terminal node
W_JTN795,1637.07,4692.08,Terminal node
W_JTN797,1759.29,4706.58,Terminal node
W_JTN799,6837.15,4368.37,Terminal node
W_JTN801,6826.65,4759.35,Terminal node
W_JTN802,2701.82,4669.29,Terminal node
W_JTN804,2577.53,4714.86,Terminal node
W_JTN805,2453.24,4694.15,Terminal node
W_JTN807,3106.53,4916.2,Terminal node
W_JTN808,3907.44,4886.8,Terminal node
W_JTN810,3702.36,4702.44,Terminal node
W_JTN812,4689.58,4675.43,Terminal node
W_JTN814,4213.04,5417.59,Terminal node
W_JTN816,4593.38,5454.24,Terminal node
W_JVN817,4127.31,3997.44,Intermediary node
W_JVN818,4128.04,3997.4,Intermediary node
W_JVN819,4320.48,3997.11,Intermediary node
W_JVN820,4321.1,3997.11,Intermediary node
W_JVN822,4576.57,3996.43,Intermediary node
W_JVN823,4578.41,3996.66,Intermediary node
W_JIN824,4356.98,4418.8,Intermediary node
W_JIN825,4323.82,4418.86,Intermediary node
W_JVN826,4313.22,4418.85,Intermediary node
W_JVN827,4312.78,4418.85,Intermediary node
W_JIN828,4102.2,4418.8,Intermediary node
W_JVN829,4084.43,4418.82,Intermediary node
W_JVN830,4083.9,4418.83,Intermediary node
W_JIN831,4081.43,4418.8,Intermediary node
W_JIN832,4595.01,3602.3,Intermediary node
W_JVN833,4593.69,3602.25,Intermediary node
W_JVN834,4593.32,3602.25,Intermediary node
W_JIN835,4803.11,4003.52,Intermediary node
W_JVN836,4841.26,3996.23,Intermediary node
W_JVN837,4841.69,3996.23,Intermediary node
W_JVN838,5131.76,3995.76,Intermediary node
W_JVN839,5132.31,3995.76,Intermediary node
W_JIN840,5205.48,4012.51,Intermediary node
W_JVN841,5380.3,3995.35,Intermediary node
W_JVN842,5380.66,3995.35,Intermediary node
W_JVN843,5572.35,3995.04,Intermediary node
W_JVN844,5573.41,3995.04,Intermediary node
W_JIN845,5597.74,3995,Intermediary node
W_JVN846,5617.37,3995.07,Intermediary node
W_JVN847,5618.14,3995.12,Intermediary node
W_JIN848,5701.1,3995.4,Intermediary node
W_JIN849,5768.95,3995.66,Intermediary node
W_JVN850,5837.54,3995.93,Intermediary node
W_JVN851,5838.3,3995.93,Intermediary node
W_JIN852,6009.88,3997.22,Intermediary node
W_JIN853,6056.74,3996.78,Intermediary node
W_JVN854,6082.33,3996.88,Intermediary node
W_JVN855,6083.22,3996.89,Intermediary node
W_JVN856,6300.24,3997.73,Intermediary node
W_JVN857,6300.98,3997.74,Intermediary node
W_JIN858,6358.2,3997.96,Intermediary node
W_JIN859,6393.45,3998.1,Intermediary node
W_JVN860,6547.27,3998.69,Intermediary node
W_JVN861,6548.1,3998.7,Intermediary node
W_JIN862,6667.36,3999.16,Intermediary node
W_JVN863,6801.89,3999.68,Intermediary node
W_JIN864,6962.8,4000.31,Intermediary node
W_JIN865,7009.1,4000.49,Intermediary node
W_JVN866,7041.55,4000.6,Intermediary node
W_JVN867,6801.06,3999.68,Intermediary node
W_JVN868,5597.63,4011.64,Intermediary node
W_JIN869,4803.11,4418.04,Intermediary node
W_JVN870,4675.88,4418.84,Intermediary node
W_JVN871,4675.02,4418.84,Intermediary node
W_JIN872,4653.08,4418.86,Intermediary node
W_JVN873,4570.72,4418.89,Intermediary node
W_JVN874,4569.71,4418.84,Intermediary node
W_JIN875,4486.47,4425.44,Intermediary node
W_JIN876,3994.77,4428.41,Intermediary node
W_JIN877,3952.98,4418.8,Intermediary node
W_JIN878,3857.74,4418.8,Intermediary node
W_JVN879,3834.92,4418.78,Intermediary node
W_JVN880,3834.66,4418.8,Intermediary node
W_JIN881,3753.22,4414.9,Intermediary node
W_JIN882,3707.63,4420.53,Intermediary node
W_JIN883,3660.9,4418.77,Intermediary node
W_JVN884,3630.24,4418.74,Intermediary node
W_JVN885,3629.39,4418.74,Intermediary node
W_JIN886,3601.98,4418.75,Intermediary node
W_JIN887,3590.61,4418.04,Intermediary node
W_JVN888,3570.58,4418.62,Intermediary node
W_JVN889,3569.72,4418.59,Intermediary node
W_JIN890,3536.65,4418.62,Intermediary node
W_JIN891,3385.56,4418.62,Intermediary node
W_JIN892,3256.99,4418.54,Intermediary node
W_JIN893,3264.98,3995.17,Intermediary node
W_JVN894,3393.7,3995.1,Intermediary node
W_JVN895,3394.52,3995.1,Intermediary node
W_JIN896,3406.15,3995.1,Intermediary node
W_JIN897,3544.79,3995.26,Intermediary node
W_JIN898,3546.89,3995.03,Intermediary node
W_JIN901,3602.02,3994.96,Intermediary node
W_JVN902,3628.32,3998.21,Intermediary node
W_JVN903,3629.11,3998.21,Intermediary node
W_JIN904,3660.52,3998.16,Intermediary node
W_JVN905,3863.32,3997.83,Intermediary node
W_JVN906,3864.92,3997.83,Intermediary node
W_JVN907,4303.4,3602.25,Intermediary node
W_JIN908,4093.8,3602.24,Intermediary node
W_JVN909,4039.13,3602.24,Intermediary node
W_JVN910,4038.47,3602.24,Intermediary node
W_JIN911,3937.42,3602.25,Intermediary node
W_JVN912,3810.15,3602.25,Intermediary node
W_JVN913,3809.14,3602.27,Intermediary node
W_JIN914,3797.59,3602.24,Intermediary node
W_JIN915,3663.69,3602.24,Intermediary node
W_JIN916,3599.48,3604.56,Intermediary node
W_JIN917,3406.58,3602.21,Intermediary node
W_JVN918,3396.77,3602.18,Intermediary node
W_JVN919,3395.94,3602.18,Intermediary node
W_JIN920,3271.48,3602.13,Intermediary node
W_JVN921,3602.08,3412.83,Intermediary node
W_JVN922,3602.22,3580.49,Intermediary node
W_JVN923,3602.22,3581.27,Intermediary node
W_JVN924,3602.24,3625.36,Intermediary node
W_JVN925,3602.22,3626.15,Intermediary node
W_JVN926,3602.11,3805.06,Intermediary node
W_JVN927,3602.11,3805.84,Intermediary node
W_JVN928,3602.02,4015.32,Intermediary node
W_JVN929,3602.02,4016.11,Intermediary node
W_JVN930,3601.82,4197.95,Intermediary node
W_JVN931,3601.98,4216.78,Intermediary node
W_JVN932,3601.98,4447.08,Intermediary node
W_JVN933,4861.14,4795.14,Intermediary node
W_JIN934,4962.2,4795.61,Intermediary node
W_JIN935,5551.9,4796.56,Intermediary node
W_JIN936,5592.43,4796.1,Intermediary node
W_JIN937,5636.28,4796.09,Intermediary node
W_JIN938,5701.58,4796.09,Intermediary node
W_JIN939,5850.8,4796.09,Intermediary node
W_JVN940,5868.45,4795.28,Intermediary node
W_JVN941,5868.88,4795.31,Intermediary node
W_JIN942,5905.62,4795.61,Intermediary node
W_JIN943,5994.88,4801.48,Intermediary node
W_JIN944,6039.58,4795.14,Intermediary node
W_JIN945,6102.02,4795.14,Intermediary node
W_JVN946,6113.62,4794.75,Intermediary node
W_JVN947,6113.86,4794.75,Intermediary node
W_JIN948,6218.82,4795.14,Intermediary node
W_JIN949,6304.15,4794.66,Intermediary node
W_JVN950,6353.38,4794.23,Intermediary node
W_JVN951,6353.58,4794.23,Intermediary node
W_JIN953,6431.6,4794.36,Intermediary node
W_JIN954,6594.47,4793.23,Intermediary node
W_JVN955,6601.57,4793.69,Intermediary node
W_JVN956,6602.18,4793.66,Intermediary node
W_JIN957,6708.88,4793.23,Intermediary node
W_JIN958,6823.94,4801.48,Intermediary node
W_JVN959,6831.54,4793.15,Intermediary node
W_JVN960,6897.36,4418.54,Intermediary node
W_JIN961,6837.1,4418.96,Intermediary node
W_JVN962,6641.34,4418.66,Intermediary node
W_JVN963,6640.54,4418.66,Intermediary node
W_JIN964,6489.62,4418.69,Intermediary node
W_JVN966,6350.39,4418.74,Intermediary node
W_JVN967,6349.9,4418.72,Intermediary node
W_JVN969,6099.24,4418.77,Intermediary node
W_JVN970,5861.39,4418.82,Intermediary node
W_JVN971,5860.69,4418.82,Intermediary node
W_JIN973,5594.81,4418.54,Intermediary node
W_JIN974,5419.04,4418.93,Intermediary node
W_JVN975,5412.27,4418.86,Intermediary node
W_JVN976,5411.35,4418.8,Intermediary node
W_JIN978,5185.9,4418.96,Intermediary node
W_JVN979,5164.09,4418.83,Intermediary node
W_JVN980,5163.14,4418.91,Intermediary node
W_JIN981,4966.12,4418.86,Intermediary node
W_JVN982,4915.53,4418.86,Intermediary node
W_JVN983,4914.74,4418.83,Intermediary node
W_JVN984,6769.63,5055.05,Intermediary node
W_JIN985,6702.54,5055.43,Intermediary node
W_JIN986,6298.51,5057.7,Intermediary node
W_JVN987,6243.3,5058.01,Intermediary node
W_JVN988,6242.45,5058.02,Intermediary node
W_JVN989,6019.88,5059.26,Intermediary node
W_JVN990,6018.96,5059.27,Intermediary node
W_JVN991,5770.34,5060.66,Intermediary node
W_JVN992,5769.52,5060.67,Intermediary node
W_JVN993,5608.69,5061.57,Intermediary node
W_JVN994,5607.92,5061.58,Intermediary node
W_JIN995,5591.53,5061.65,Intermediary node
W_JIN996,5589.66,5332.2,Intermediary node
W_JVN997,5594.89,4438.21,Intermediary node
W_JVN998,5594.97,4437.03,Intermediary node
W_JVN999,7028.92,3608.29,Intermediary node
W_JVN1000,7027.93,3608.28,Intermediary node
W_JVN1001,6768.17,3607.19,Intermediary node
W_JVN1002,6767.36,3607.18,Intermediary node
W_JVN1003,6530.04,3606.18,Intermediary node
W_JVN1004,6529.33,3606.18,Intermediary node
W_JVN1005,6291.9,3605.18,Intermediary node
W_JVN1006,6291.33,3605.18,Intermediary node
W_JVN1009,6078.69,3604.28,Intermediary node
W_JVN1010,6077.82,3604.28,Intermediary node
W_JVN1013,5833.89,3603.26,Intermediary node
W_JVN1014,5832.96,3603.25,Intermediary node
W_JVN1015,5620.45,3602.35,Intermediary node
W_JVN1016,5619.62,3602.35,Intermediary node
W_JIN1017,5596.38,3602.26,Intermediary node
W_JVN1018,5366.64,3602.26,Intermediary node
W_JVN1019,5365.78,3602.26,Intermediary node
W_JVN1020,5112.74,3602.26,Intermediary node
W_JVN1021,5112.12,3602.26,Intermediary node
W_JVN1022,4865.49,3602.26,Intermediary node
W_JVN1023,5596.47,3627.74,Intermediary node
W_JIN1024,3207.16,4418.04,Intermediary node
W_JIN1025,3198.4,4418.13,Intermediary node
W_JVN1026,3170.28,4418.55,Intermediary node
W_JVN1027,3169.57,4418.55,Intermediary node
W_JIN1028,3109.87,4418.55,Intermediary node
W_JIN1029,2909.76,4418.55,Intermediary node
W_JIN1030,2788.33,4418.4,Intermediary node
W_JIN1031,2782.27,4418.04,Intermediary node
W_JIN1032,2773.99,3993.62,Intermediary node
W_JIN1033,2790,3994.74,Intermediary node
W_JVN1034,2811.96,3994.78,Intermediary node
W_JVN1035,2812.76,3994.78,Intermediary node
W_JIN1036,2857.41,3995.56,Intermediary node
W_JIN1037,2991.84,3994.95,Intermediary node
W_JIN1038,3147.28,3995.19,Intermediary node
W_JIN1039,3198.35,3995.06,Intermediary node
W_JIN1040,3207.16,3993.15,Intermediary node
W_JVN1042,3225.25,3995.21,Intermediary node
W_JVN1043,3225.99,3995.18,Intermediary node
W_JIN1044,3199.14,3606.63,Intermediary node
W_JVN1045,3172.14,3602.11,Intermediary node
W_JVN1046,3171.32,3602.12,Intermediary node
W_JIN1047,3149.41,3602.11,Intermediary node
W_JIN1048,3012.86,3602.1,Intermediary node
W_JIN1049,2940.9,3602.05,Intermediary node
W_JIN1050,2860.33,3602.05,Intermediary node
W_JIN1051,2791.13,3605.77,Intermediary node
W_JVN1052,2767.74,3602.01,Intermediary node
W_JVN1053,3200.02,3585.73,Intermediary node
W_JVN1054,3199.9,3625.46,Intermediary node
W_JVN1055,3199.9,3626.1,Intermediary node
W_JVN1056,3199.1,3811.86,Intermediary node
W_JVN1057,3199.1,3812.67,Intermediary node
W_JVN1058,3198.6,4011.81,Intermediary node
W_JVN1059,3198.64,4012.47,Intermediary node
W_JVN1060,3198.45,4442.66,Intermediary node
W_JVN1061,3198.45,4443.51,Intermediary node
W_JIN1062,3198.29,4791.06,Intermediary node
W_JVN1063,2791.18,3585.73,Intermediary node
W_JVN1064,2790,4011.73,Intermediary node
W_JVN1065,2790,4012.53,Intermediary node
W_JIN1066,2790.29,4791.59,Intermediary node
W_JVN1067,2365.14,4791.1,Intermediary node
W_JIN1068,2386.34,4790.9,Intermediary node
W_JIN1069,2453.25,4791.22,Intermediary node
W_JIN1070,2577.49,4791.4,Intermediary node
W_JVN1071,2601.2,4791.34,Intermediary node
W_JVN1072,2602.09,4791.34,Intermediary node
W_JIN1073,2699.74,4791.49,Intermediary node
W_JVN1074,2765.47,4791.68,Intermediary node
W_JVN1075,2766.16,4791.62,Intermediary node
W_JIN1076,2899.91,4795.27,Intermediary node
W_JIN1077,3109.8,4791.96,Intermediary node
W_JVN1078,3231.25,4791.1,Intermediary node
W_JVN1079,3232.13,4791.08,Intermediary node
W_JIN1080,3601.94,4791.26,Intermediary node
W_JIN1081,3701.68,4793.33,Intermediary node
W_JVN1082,3858.26,4792.02,Intermediary node
W_JVN1083,3859.12,4791.98,Intermediary node
W_JIN1084,3905.38,4792.27,Intermediary node
W_JIN1085,4017.64,4793.61,Intermediary node
W_JIN1086,4112.52,4792.76,Intermediary node
W_JVN1087,4120.82,4792.78,Intermediary node
W_JVN1088,4121.56,4792.77,Intermediary node
W_JIN1089,4215.77,4793.17,Intermediary node
W_JIN1090,4295.36,4794.41,Intermediary node
W_JVN1091,4345.32,4793.43,Intermediary node
W_JVN1092,4347.8,4793.83,Intermediary node
W_JIN1093,4401.64,4810.51,Intermediary node
W_JIN1094,4463.8,4793.88,Intermediary node
W_JVN1095,4606.84,4794.11,Intermediary node
W_JVN1096,4609.2,4794.34,Intermediary node
W_JIN1097,4614.36,4794.11,Intermediary node
W_JIN1098,4689.58,4792.62,Intermediary node
W_JIN1099,4803.11,4811.85,Intermediary node
W_JVN1101,4857.33,4795.14,Intermediary node
W_JIN1102,2708.48,4418.51,Intermediary node
W_JVN1103,2587.8,4418.34,Intermediary node
W_JVN1104,2587.06,4418.34,Intermediary node
W_JIN1105,2581.68,4418.66,Intermediary node
W_JIN1106,2446.56,4416.08,Intermediary node
W_JIN1107,2389.56,4418.48,Intermediary node
W_JIN1108,2388.47,4418.04,Intermediary node
W_JIN1109,2328.93,4418.48,Intermediary node
W_JIN1110,2383.28,3999.47,Intermediary node
W_JIN1111,2392.45,4001.04,Intermediary node
W_JVN1112,2409.91,3999.08,Intermediary node
W_JVN1113,2410.87,3999.16,Intermediary node
W_JIN1114,2463.84,3998.23,Intermediary node
W_JIN1115,2595.92,3996.45,Intermediary node
W_JIN1116,2728.9,3995.56,Intermediary node
W_JVN1117,2764.7,3995.1,Intermediary node
W_JVN1118,2765.54,3995.01,Intermediary node
W_JVN1119,2767.01,3602,Intermediary node
W_JIN1120,2740.66,3602,Intermediary node
W_JIN1121,2639.17,3602.2,Intermediary node
W_JIN1122,2538.16,3602.2,Intermediary node
W_JIN1123,2433.06,3602.2,Intermediary node
W_JIN1124,2395.21,3601.88,Intermediary node
W_JVN1125,2372.42,3602.15,Intermediary node
W_JVN1126,3601.97,4447.82,Intermediary node
W_JIN1127,3601.95,4837.12,Intermediary node
W_JVN1129,2791.68,3410.56,Intermediary node
W_JVN1130,2791.2,3584.97,Intermediary node
W_JVN1131,2790.22,5138.46,Intermediary node
W_JVN1132,2394.97,3426.26,Intermediary node
W_JVN1133,2395.1,3621.09,Intermediary node
W_JVN1134,2395.1,3621.68,Intermediary node
W_JVN1135,2393.83,3813.88,Intermediary node
W_JVN1136,2393.75,3814.67,Intermediary node
W_JVN1137,2389.6,4399.37,Intermediary node
W_JVN1138,2389.6,4400.06,Intermediary node
W_JVN1139,2389.38,4437.31,Intermediary node
W_JVN1140,2389.33,4437.95,Intermediary node
W_JIN1142,1914.47,4792.49,Intermediary node
W_JIN1143,2036.95,4791.97,Intermediary node
W_JVN1144,2110.52,4791.75,Intermediary node
W_JVN1145,2111.4,4791.75,Intermediary node
W_JIN1146,2126.03,4791.62,Intermediary node
W_JIN1147,2225.2,4791.62,Intermediary node
W_JIN1148,2302.1,4791.45,Intermediary node
W_JIN1149,2334.01,4794.53,Intermediary node
W_JVN1150,2364.32,4791.1,Intermediary node
W_JIN1151,2223.44,4418.48,Intermediary node
W_JVN1152,2119.19,4418.17,Intermediary node
W_JVN1153,2118.44,4418.19,Intermediary node
W_JIN1154,2115.61,4418.19,Intermediary node
W_JIN1155,2030.56,4418.15,Intermediary node
W_JIN1156,1603.94,4008.15,Intermediary node
W_JVN1157,1612.49,4008.42,Intermediary node
W_JVN1158,1613.29,4008.4,Intermediary node
W_JIN1159,1686.57,4008.4,Intermediary node
W_JVN1160,1884.27,4005.26,Intermediary node
W_JVN1161,1885.22,4005.26,Intermediary node
W_JIN1162,1904.26,4005.37,Intermediary node
W_JIN1163,2078.3,4003,Intermediary node
W_JVN1164,2133.6,4002.3,Intermediary node
W_JVN1165,2134.36,4002.33,Intermediary node
W_JIN1166,2287.54,4000.84,Intermediary node
W_JVN1167,2367.13,3999.64,Intermediary node
W_JVN1168,2368.13,3999.67,Intermediary node
W_JVN1170,2371.63,3602.19,Intermediary node
W_JIN1171,2349.61,3602.42,Intermediary node
W_JIN1172,2248.9,3603.54,Intermediary node
W_JIN1173,2158.88,3604.56,Intermediary node
W_JVN1174,2125.45,3604.94,Intermediary node
W_JVN1175,2124.62,3604.98,Intermediary node
W_JIN1176,2054.55,3605.77,Intermediary node
W_JVN1177,1846.92,3608.06,Intermediary node
W_JVN1178,1846.13,3608.06,Intermediary node
W_JIN1179,1709.77,3609.72,Intermediary node
W_JVN1180,1620.05,3610.74,Intermediary node
W_JVN1181,1624.53,3219.27,Intermediary node
W_JVN1182,1867.91,3219.76,Intermediary node
W_JVN1183,1869.39,3219.26,Intermediary node
W_JIN1184,2052.91,3219.76,Intermediary node
W_JVN1185,2162.79,3219.26,Intermediary node
W_JVN1186,2163.63,3219.27,Intermediary node
W_JIN1187,2170.77,3219.24,Intermediary node
W_JIN1188,2266.69,3219.29,Intermediary node
W_JIN1189,2350.85,3219.29,Intermediary node
W_JVN1190,2371.64,3219.24,Intermediary node
W_JVN1191,2372.52,3219.26,Intermediary node
W_JIN1192,2394.59,3219.32,Intermediary node
W_JIN1193,2444.66,3219.57,Intermediary node
W_JIN1194,2533.17,3219.02,Intermediary node
W_JIN1195,2636.44,3220.12,Intermediary node
W_JIN1196,2746.49,3219.24,Intermediary node
W_JVN1197,2762.36,3219.24,Intermediary node
W_JVN1198,2763.7,3219.24,Intermediary node
W_JIN1199,2792.25,3219.26,Intermediary node
W_JIN1200,2839.02,3219.28,Intermediary node
W_JIN1201,2934.93,3219.32,Intermediary node
W_JVN1202,2996.14,3219.3,Intermediary node
W_JVN1203,2996.88,3219.3,Intermediary node
W_JIN1204,3042.86,3219.3,Intermediary node
W_JIN1205,3151.81,3219.33,Intermediary node
W_JVN1206,3166.98,3219.34,Intermediary node
W_JVN1207,3167.48,3219.34,Intermediary node
W_JIN1208,3201.7,3214.56,Intermediary node
W_JIN1209,3276.16,3219.36,Intermediary node
W_JIN1210,3537.74,3219.44,Intermediary node
W_JVN1211,3573.4,3219.44,Intermediary node
W_JVN1212,3574.22,3219.44,Intermediary node
W_JIN1213,3601.96,3219.42,Intermediary node
W_JIN1214,3676.8,3219.28,Intermediary node
W_JVN1215,3771.09,3219.09,Intermediary node
W_JVN1216,3771.88,3219.1,Intermediary node
W_JIN1217,3801.14,3219.01,Intermediary node
W_JIN1218,3936.19,3218.76,Intermediary node
W_JVN1219,4024.89,3218.55,Intermediary node
W_JVN1220,4025.77,3218.56,Intermediary node
W_JIN1221,4087.88,3218.45,Intermediary node
W_JVN1222,4289,3218.17,Intermediary node
W_JVN1223,4290.63,3218,Intermediary node
W_JIN1224,4321.5,3217.86,Intermediary node
W_JIN1225,4452.82,3217.69,Intermediary node
W_JVN1226,4563.05,3218.17,Intermediary node
W_JVN1227,4564.69,3217.48,Intermediary node
W_JIN1228,4600.91,3217.4,Intermediary node
W_JIN1229,4734.81,3217.14,Intermediary node
W_JIN1230,4803.7,3216.23,Intermediary node
W_JVN1231,4853.61,3216.88,Intermediary node
W_JVN1232,4854.63,3216.88,Intermediary node
W_JVN1233,5230.99,3216.12,Intermediary node
W_JVN1234,3601.98,3243.59,Intermediary node
W_JVN1235,3601.98,3244.35,Intermediary node
W_JVN1236,3602.08,3412.08,Intermediary node
W_JVN1237,3201.46,3241.49,Intermediary node
W_JVN1238,3201.46,3242.04,Intermediary node
W_JVN1239,3200.77,3409.78,Intermediary node
W_JVN1240,3200.75,3410.53,Intermediary node
W_JVN1241,3200.02,3584.98,Intermediary node
W_JVN1242,2787.73,3245.8,Intermediary node
W_JVN1243,2787.73,3246.58,Intermediary node
W_JVN1244,2791.7,3409.96,Intermediary node
W_JVN1245,2394.62,3239.1,Intermediary node
W_JVN1246,2394.62,3239.85,Intermediary node
W_JVN1247,2394.97,3425.54,Intermediary node
W_JVN1248,2388.46,4801.49,Intermediary node
W_JVN1249,2386.87,4822.54,Intermediary node
W_JVN1250,2386.87,4823.19,Intermediary node
W_JIN1251,2385.87,5122.96,Intermediary node
W_JIN1252,3601.95,4917.93,Intermediary node
W_JIN1253,3601.74,4996.59,Intermediary node
W_JVN1254,3601.68,5073.97,Intermediary node
W_JVN1255,3601.67,5074.76,Intermediary node
W_JIN1256,3601.49,5091.85,Intermediary node
W_JIN1257,3601.82,5172.63,Intermediary node
W_JVN1259,3601.46,5288.61,Intermediary node
W_JIN1260,3601.51,5328.06,Intermediary node
W_JIN1261,3601.21,5431.54,Intermediary node
W_JIN1262,3601.21,5514.44,Intermediary node
W_JVN1263,3601.26,5521.55,Intermediary node
W_JVN1264,3601.25,5523.06,Intermediary node
W_JIN1265,3601.06,5564.22,Intermediary node
W_JIN1266,1614.41,4793.45,Intermediary node
W_JIN1267,1632.64,4793.62,Intermediary node
W_JIN1268,1641.84,4793.79,Intermediary node
W_JIN1269,1759.1,4793.01,Intermediary node
W_JVN1270,1824.9,4791.08,Intermediary node
W_JVN1271,1825.62,4791.08,Intermediary node
W_JIN1272,1866.8,4792.49,Intermediary node
W_JIN1273,1912.58,4418.15,Intermediary node
W_JIN1274,1891.72,4416.83,Intermediary node
W_JVN1275,1825.29,4418.1,Intermediary node
W_JVN1276,1824.47,4418.11,Intermediary node
W_JIN1277,1765.48,4417.87,Intermediary node
W_JIN1278,1674.4,4418.34,Intermediary node
W_JIN1279,1641.13,4418.11,Intermediary node
W_JIN1280,1615.44,4417.42,Intermediary node
W_JIN1281,1578.85,4414.48,Intermediary node
W_JVN1283,3198.48,4826.77,Intermediary node
W_JIN1284,3213.09,4925.42,Intermediary node
W_JIN1285,3199.28,4992.54,Intermediary node
W_JVN1286,3199.76,5083.94,Intermediary node
W_JVN1287,3199.82,5084.44,Intermediary node
W_JIN1288,3200.45,5091.68,Intermediary node
W_JIN1289,3199.68,5156.09,Intermediary node
W_JIN1290,3199.68,5166.16,Intermediary node
W_JIN1291,3200.46,5266.3,Intermediary node
W_JVN1292,3200.79,5291.1,Intermediary node
W_JVN1293,3200.82,5291.7,Intermediary node
W_JIN1294,3200.46,5322.18,Intermediary node
W_JIN1295,3199.71,5413.16,Intermediary node
W_JIN1296,3202.78,5537.17,Intermediary node
W_JIN1297,3202.01,5558.9,Intermediary node
W_JVN1298,3202.33,5593.58,Intermediary node
W_JVN1299,2790.22,5139.42,Intermediary node
W_JVN1300,2790.32,5288.06,Intermediary node
W_JVN1301,2790.3,5289.76,Intermediary node
W_JIN1303,2790.3,5518.62,Intermediary node
W_JVN1305,2790.29,5581.8,Intermediary node
W_JVN1306,2385.82,5144.73,Intermediary node
W_JVN1307,2385.82,5145.4,Intermediary node
W_JIN1308,2388.47,5205.65,Intermediary node
W_JIN1309,2385.37,5282.44,Intermediary node
W_JVN1310,2385.33,5286.13,Intermediary node
W_JVN1311,2385.33,5286.73,Intermediary node
W_JIN1312,2384.56,5462.82,Intermediary node
W_JIN1313,2384.59,5518.64,Intermediary node
W_JVN1314,2384.39,5569.71,Intermediary node
W_JVN1315,2384.38,5570.48,Intermediary node
W_JIN1316,2387.87,5607.57,Intermediary node
W_JVN1317,2790.29,5582.4,Intermediary node
W_JIN1318,2792.33,5610.78,Intermediary node
W_JVN1319,3202.34,5594.35,Intermediary node
W_JIN1320,3206.84,5610.24,Intermediary node
W_JIN1321,5007.49,4796.09,Intermediary node
W_JVN1322,5114.28,4796.09,Intermediary node
W_JVN1323,5117.14,4796.09,Intermediary node
W_JIN1324,5196.91,4801.48,Intermediary node
W_JIN1325,5350.25,4796.56,Intermediary node
W_JVN1326,5359.78,4797.04,Intermediary node
W_JVN1327,5364.07,4796.56,Intermediary node
W_JIN1328,5387.91,4797.04,Intermediary node
W_JVN1329,6831.94,4793.15,Intermediary node
W_JIN1330,6866.67,4792.75,Intermediary node
W_JIN1331,7008.26,4792.75,Intermediary node
W_JIN1332,7132.2,4792.75,Intermediary node
W_JIN1333,7164.14,4792.75,Intermediary node
W_JVN1334,7171.92,4792.37,Intermediary node
W_JVN1335,7172.94,4792.37,Intermediary node
W_JIN1336,7198.46,4792.75,Intermediary node
W_JVN1337,7198.39,4814.61,Intermediary node
W_JVN1339,7130.66,4418.62,Intermediary node
W_JVN1340,7127.99,4418.77,Intermediary node
W_JIN1341,7122.5,4418.62,Intermediary node
W_JIN1342,6954.57,4418.77,Intermediary node
W_JVN1343,6902.35,4419.38,Intermediary node
W_JIN1344,7201.28,5052.63,Intermediary node
W_JVN1345,7198.39,4815.51,Intermediary node
W_JVN1346,7201.51,5071.87,Intermediary node
W_JVN1347,7185.8,5052.72,Intermediary node
W_JVN1348,7185.1,5052.72,Intermediary node
W_JIN1349,7099.18,5053.2,Intermediary node
W_JVN1350,6980.83,5053.87,Intermediary node
W_JVN1351,6980.06,5053.87,Intermediary node
W_JIN1352,6898.28,5054.33,Intermediary node
W_JVN1353,6770.32,5055.05,Intermediary node
W_JVN1354,5856.38,5331.28,Intermediary node
W_JVN1355,5857.06,5331.27,Intermediary node
W_JVN1356,6372.66,5329.5,Intermediary node
W_JVN1357,6373.4,5329.5,Intermediary node
W_JVN1358,6601.52,5328.71,Intermediary node
W_JVN1359,6602.24,5328.71,Intermediary node
W_JVN1360,6817.29,5327.96,Intermediary node
W_JVN1361,6818.21,5327.96,Intermediary node
W_JVN1362,7027.82,5327.24,Intermediary node
W_JVN1363,7028.56,5327.24,Intermediary node
W_JVN1364,7192.85,5326.67,Intermediary node
W_JVN1365,7193.41,5326.67,Intermediary node
W_JIN1366,7204.16,5327.02,Intermediary node
W_JVN1367,7204.73,5346.36,Intermediary node
W_JVN1368,7204.73,5346.92,Intermediary node
W_JVN1369,7207.06,5609.59,Intermediary node
W_JVN1370,7207.07,5610.74,Intermediary node
W_JIN1371,7207.15,5619.78,Intermediary node
W_JVN1372,7193.36,5619.8,Intermediary node
W_JVN1373,7192.7,5619.8,Intermediary node
W_JVN1374,6948.29,5620.17,Intermediary node
W_JVN1375,6947.54,5620.17,Intermediary node
W_JVN1376,6429.74,5620.96,Intermediary node
W_JVN1377,6429.15,5620.96,Intermediary node
W_JVN1378,6156.4,5621.37,Intermediary node
W_JVN1379,6155.76,5621.37,Intermediary node
W_JVN1380,5932.91,5621.71,Intermediary node
W_JVN1381,5932.32,5621.71,Intermediary node
W_JVN1382,5711.74,5622.04,Intermediary node
W_JVN1383,5710.95,5622.04,Intermediary node
W_JIN1384,5597.32,5622.22,Intermediary node
W_JVN1385,5596.96,5608.3,Intermediary node
W_JVN1386,5596.94,5607.74,Intermediary node
W_JVN1387,5590.11,5349.18,Intermediary node
W_JVN1388,5590.09,5348.48,Intermediary node
W_JIN1389,5008.44,4864.74,Intermediary node
W_JIN1390,5008.92,4928.14,Intermediary node
W_JIN1391,5010.35,5033.49,Intermediary node
W_JIN1392,5011.78,5150.76,Intermediary node
W_JIN1393,5013.21,5260.41,Intermediary node
W_JIN1394,5014.16,5362.9,Intermediary node
W_JIN1395,5015.6,5467.3,Intermediary node
W_JIN1396,5017.02,5566.46,Intermediary node
W_JIN1397,5395.06,5597.44,Intermediary node
W_JIN1398,5394.58,5474.45,Intermediary node
W_JIN1399,5393.15,5368.14,Intermediary node
W_JIN1400,5392.2,5260.41,Intermediary node
W_JIN1401,5391.24,5143.14,Intermediary node
W_JIN1402,5390.29,5037.78,Intermediary node
W_JIN1403,5389.34,4927.18,Intermediary node
W_JIN1404,5388.38,4857.58,Intermediary node
W_JVN1405,4865.08,3602.26,Intermediary node
W_JVN1406,4304.13,3602.25,Intermediary node
W_JIN1407,7599.37,4001.91,Intermediary node
W_JVN1408,7298.2,4001.62,Intermediary node
W_JVN1409,7297.42,4001.61,Intermediary node
W_JVN1410,7042.23,4000.62,Intermediary node
W_JVN1411,5597.62,4012.58,Intermediary node
W_JVN1412,5596.47,3628.39,Intermediary node
W_JVN1413,7551.26,3612.92,Intermediary node
W_JVN1414,7320.86,3609.52,Intermediary node
W_JVN1415,7319.84,3609.51,Intermediary node
W_JVN1416,1619.07,3610.74,Intermediary node
W_JIN1417,1588.02,3611.79,Intermediary node
W_JIN1418,1595.08,3217.96,Intermediary node
W_JVN1419,1623.37,3219.17,Intermediary node
W_JVN1420,5231.82,3216.12,Intermediary node
W_JVN1421,5509.55,3215.56,Intermediary node
W_JVN1422,5510.34,3215.56,Intermediary node
W_JVN1423,5767.9,3215.04,Intermediary node
W_JVN1424,5768.6,3215.03,Intermediary node
W_JVN1425,6039.56,3214.48,Intermediary node
W_JVN1426,6040.5,3214.48,Intermediary node
W_JIN1427,6072.64,3212.97,Intermediary node
W_JVN1428,6265.89,3214.89,Intermediary node
W_JVN1429,6265.01,3214.35,Intermediary node
W_JIN1430,6429,3214.89,Intermediary node
W_JVN1432,6464.12,3215.12,Intermediary node
W_JVN1433,6465.07,3215.13,Intermediary node
W_JVN1434,6663.97,3215.9,Intermediary node
W_JVN1435,6664.92,3215.91,Intermediary node
W_JVN1436,6886.33,3216.77,Intermediary node
W_JVN1437,6887.36,3216.78,Intermediary node
W_JVN1438,7088.6,3217.56,Intermediary node
W_JVN1439,7089.39,3217.56,Intermediary node
W_JVN1440,7335.5,3218.52,Intermediary node
W_JVN1441,7336.66,3218.53,Intermediary node
W_JIN1442,7600.74,3220.18,Intermediary node
W_JVN1443,6072.47,3199.02,Intermediary node
W_JVN1444,6074.15,3196.22,Intermediary node
W_JVN1445,6107.3,2842.73,Intermediary node
W_JVN1446,6107.37,2842.1,Intermediary node
W_JVN1447,4803.24,3185.89,Intermediary node
W_JVN1448,4803.24,3185.17,Intermediary node
W_JVN1449,4804.26,2951.47,Intermediary node
W_JVN1450,4804.26,2950.48,Intermediary node
W_JIN1451,4794.04,2776.76,Intermediary node
W_JVN1452,4805.42,2690.29,Intermediary node
W_JVN1453,4805.45,2689.42,Intermediary node
W_JVN1454,4806.64,2415.49,Intermediary node
W_JVN1455,4806.64,2414.66,Intermediary node
W_JIN1456,4809.58,2403.04,Intermediary node
W_JVN1457,4890.66,2231.75,Intermediary node
W_JVN1458,4891.26,2231.03,Intermediary node
W_JVN1459,5002.04,2092.5,Intermediary node
W_JVN1460,5002.54,2091.9,Intermediary node
W_JIN1461,5039.73,2053.26,Intermediary node
W_JVN1462,5124.12,1918.63,Intermediary node
W_JVN1463,5124.26,1917.95,Intermediary node
W_JVN1464,5168.47,1734.08,Intermediary node
W_JVN1465,5165.65,1724.81,Intermediary node
W_JIN1466,5187.53,1625.31,Intermediary node
W_JIN1467,5189.82,1605.83,Intermediary node
W_JVN1468,3600.99,5724.97,Intermediary node
W_JVN1469,3601,5725.57,Intermediary node
W_JIN1470,3600.98,5868.6,Intermediary node
W_JIN1471,3454.5,5868.54,Intermediary node
W_JVN1473,7574.13,4804.23,Intermediary node
W_JVN1475,7596.7,4804.33,Intermediary node
W_JVN1477,7598.1,4419.92,Intermediary node
W_JVN1478,7598.13,4418.5,Intermediary node
W_JVN1481,7572.8,4418.62,Intermediary node
W_JVN1482,7570.28,4418.77,Intermediary node
W_JVN1483,7598.86,4027.61,Intermediary node
W_JVN1484,7598.85,4028.11,Intermediary node
W_JVN1485,7599.29,3637.48,Intermediary node
W_JVN1486,7599.29,3636.56,Intermediary node
W_JIN1487,7602.49,3610.7,Intermediary node
W_JVN1488,7556.66,3610.51,Intermediary node
W_JVN1489,7599.74,3239.19,Intermediary node
W_JVN1490,7599.74,3239.74,Intermediary node
W_JIN1491,7217.74,5195.29,Intermediary node
W_JVN1492,7201.52,5072.53,Intermediary node
W_J1,3475.22,5869.88,Intermediary node
W_JIN1495,3390.79,5886.39,Intermediary node
W_JVN12,6100.16,4418.8,Intermediary node
W_JHY1,4401.14,4840.61,Hydrant node
W_JHY2,5195.55,1625.88,Hydrant node
W_JHY4,4803.12,2401,Hydrant node
W_JHY6,4799,3222.37,Hydrant node
W_JHY7,6106.86,2798.26,Hydrant node
W_JIN1500,6102.83,2797.81,Intermediary node
W_JIN1501,1597.25,3217.71,Intermediary node
W_JHY9,2020.34,3207.98,Hydrant node
W_JIN1502,2019.28,3215.99,Intermediary node
W_JHY11,2798.57,3229.15,Hydrant node
W_JHY12,3197.46,3219.12,Hydrant node
W_JHY14,4015.67,3226.2,Hydrant node
W_JIN1503,4016.01,3218.61,Intermediary node
W_JIN1504,4389.27,3218.94,Intermediary node
W_JIN1505,5193.95,3217.81,Intermediary node
W_JHY17,5609.59,3230.44,Hydrant node
W_JIN1506,5609.59,3218.02,Intermediary node
W_JIN1507,6393.93,3217.89,Intermediary node
W_JHY19,6781.27,3226.38,Hydrant node
W_JIN1508,6781.96,3218.14,Intermediary node
W_JIN1509,7211.04,3220.18,Intermediary node
W_JHY22,7595.26,3615.86,Hydrant node
W_JIN1510,7191.9,3611.93,Intermediary node
W_JHY24,6363.42,3611.58,Hydrant node
W_JIN1511,6363.42,3605.73,Intermediary node
W_JHY27,4384.34,3610.44,Hydrant node
W_JIN1512,4384.47,3603.81,Intermediary node
W_JHY28,4008.44,3608.64,Hydrant node
W_JIN1513,4008.65,3602.9,Intermediary node
W_JHY29,3605.1,3608.08,Hydrant node
W_JHY31,2401.72,3608.49,Hydrant node
W_JIN1514,2001.39,3606.77,Intermediary node
W_JHY33,1591.01,3614.58,Hydrant node
W_JIN1515,1591.21,3611.39,Intermediary node
W_JHY34,1608.46,4011.46,Hydrant node
W_JIN1516,1608.55,4008.37,Intermediary node
W_JHY35,2006.23,4022.38,Hydrant node
W_JIN1517,2006.23,4008.58,Intermediary node
W_JHY37,2784.98,3989.6,Hydrant node
W_JHY38,3204.2,4000.47,Hydrant node
W_JIN1518,4377.49,3995.3,Intermediary node
W_JHY40,4377.54,3991.18,Hydrant node
W_JHY41,4787.78,4023.92,Hydrant node
W_JHY42,5205.48,4022.84,Hydrant node
W_JHY43,5607.25,3985.07,Hydrant node
W_JHY44,6004.55,4008.14,Hydrant node
W_JHY45,6829.27,4023.2,Hydrant node
W_JIN1519,6829.74,4001.36,Intermediary node
W_JHY46,2388.55,4801.5,Hydrant node
W_JHY47,2389.87,5205.62,Hydrant node
W_JHY48,2388.98,5607.64,Hydrant node
W_JHY49,2794.75,5610.77,Hydrant node
W_JHY50,2790.14,4791.76,Hydrant node
W_JHY51,3595.48,4796.7,Hydrant node
W_JHY52,3618.63,5573.67,Hydrant node
W_JHY53,5192.416,4820.001,Hydrant node
W_JHY54,5995.04,4804.49,Hydrant node
W_JHY55,6824.35,4806.04,Hydrant node
W_JHY56,7196.94,5169.16,Hydrant node
W_JHY57,6376.01,5333.02,Hydrant node
W_JHY58,1614.55,4790.7,Hydrant node
W_JHY59,1615.17,4427.17,Hydrant node
W_JHY60,2029.49,4798.13,Hydrant node
W_JHY61,2388.22,4419.53,Hydrant node
W_JHY62,3207.12,4420.37,Hydrant node
W_JHY63,3994.69,4439.87,Hydrant node
W_JHY64,4794.28,4428.49,Hydrant node
W_JHY65,3190.41,5173.08,Hydrant node
W_JHY66,6372.23,4415.58,Hydrant node
W_JHY67,5933.76,5618.1,Hydrant node
W_JIN1520,5583.81,5202.03,Intermediary node
W_JHY68,5553.76,5200.16,Hydrant node
W_JIN1521,7189.37,3998.32,Intermediary node
W_JHY69,7154.25,3979.48,Hydrant node
W_JIN1522,3459.85,5882.13,Intermediary node
W_JTN1523,2082.46,4116.31,Terminal node
W_JTN1525,4106.37,3691.52,Terminal node
W_JTN1524,3707.6,4525.14,Terminal node
W_JTN1526,2991.75,4083.73,Terminal node
W_JTN1527,3261.1,4730.83,Terminal node
W_JTN1528,3392.96,4734.23,Terminal node
W_JTN1529,3533.46,4728.46,Terminal node
W_JIN1530,3260.13,4789.53,Intermediary node
W_JIN1531,3390.07,4787.16,Intermediary node
W_JIN1532,3531.53,4790.04,Intermediary node
W_JTN1533,6678.5,4091.21,Terminal node
W_JIN1534,4807.38,3602.91,Intermediary node
W_JIN1535,4806.71,3401.1,Intermediary node
W_JIN1536,4918.75,3408.07,Intermediary node
W_JIN1537,5154.31,3406.81,Intermediary node
W_JIN1538,5443.49,3402.4,Intermediary node
W_JIN1539,5664.73,3399.56,Intermediary node
W_JIN1540,5837.75,3405.23,Intermediary node
W_JIN1541,6047.65,3408.07,Intermediary node
W_JIN1542,6217.83,3399.56,Intermediary node
W_JIN1543,6399.37,3399.56,Intermediary node
W_JIN1544,6589.41,3405.23,Intermediary node
W_JIN1545,6765.27,3408.07,Intermediary node
W_JIN1546,6955.31,3405.23,Intermediary node
W_JIN1547,7145.35,3413.74,Intermediary node
W_JIN1548,7204.91,3416.58,Intermediary node
W_JIN1549,7218.44,4410.95,Intermediary node
W_JIN1550,7191.5,3779.49,Intermediary node
W_JIN1551,7202.32,4219.63,Intermediary node
W_JIN1552,7213.33,4604.3,Intermediary node
W_JTN1553,4867.06,3447.42,Terminal node
W_JTN1554,4958.46,3444.94,Terminal node
W_JTN1555,4878.57,3373.75,Terminal node
W_JTN1556,4959.15,3378.35,Terminal node
W_JTN1557,5117.3,3453.45,Terminal node
W_JTN1558,5203.2,3440.52,Terminal node
W_JTN1559,5108.8,3378.35,Terminal node
W_JTN1560,5191.05,3368.36,Terminal node
W_JTN1561,5391.99,3445.12,Terminal node
W_JTN1562,5486.38,3442.82,Terminal node
W_JTN1563,5394.29,3364.54,Terminal node
W_JTN1564,5486.38,3369.14,Terminal node
W_JTN1565,5633.53,3439.27,Terminal node
W_JTN1566,5698.77,3444.94,Terminal node
W_JTN1567,5633.53,3359.85,Terminal node
W_JTN1568,5698.77,3357.01,Terminal node
W_JTN1569,5801.8,3445.12,Terminal node
W_JTN1570,5875.48,3449.72,Terminal node
W_JTN1571,5801.8,3369.14,Terminal node
W_JTN1572,5873.18,3364.54,Terminal node
W_JTN1573,5993.56,3441.48,Terminal node
W_JTN1574,6066.57,3447.42,Terminal node
W_JTN1575,6024.96,3376.87,Terminal node
W_JTN1576,6076.01,3376.87,Terminal node
W_JTN1577,6189.47,3442.11,Terminal node
W_JTN1578,6249.03,3442.11,Terminal node
W_JTN1579,6193.2,3359.93,Terminal node
W_JTN1580,6246.2,3365.52,Terminal node
W_JTN1581,6358.97,3438.21,Terminal node
W_JTN1582,6422.06,3439.27,Terminal node
W_JTN1583,6386.59,3369.14,Terminal node
W_JTN1584,6453.36,3371.45,Terminal node
W_JTN1585,6540.85,3442.82,Terminal node
W_JTN1586,6612.1,3442.11,Terminal node
W_JTN1587,6568.48,3373.75,Terminal node
W_JTN1588,6635.25,3371.45,Terminal node
W_JTN1589,6727.34,3445.12,Terminal node
W_JTN1590,6785.12,3447.78,Terminal node
W_JTN1591,6757.27,3378.35,Terminal node
W_JTN1592,6810.22,3373.75,Terminal node
W_JTN1593,6918.43,3442.82,Terminal node
W_JTN1594,6975.16,3444.94,Terminal node
W_JTN1595,6948.36,3378.35,Terminal node
W_JTN1596,7010.53,3373.75,Terminal node
W_JTN1597,7114.13,3447.42,Terminal node
W_JTN1598,7178.6,3435.91,Terminal node
W_JTN1599,7137.15,3382.96,Terminal node
W_JTN1600,7180.9,3389.86,Terminal node
W_JIN1602,4924.16,3778.79,Intermediary node
W_JIN1603,5152.44,3784.65,Intermediary node
W_JIN1604,5375.59,3781.89,Intermediary node
W_JIN1605,5540.53,3782.26,Intermediary node
W_JIN1601,4802.67,3784.65,Intermediary node
W_JIN1606,5598.39,3784.28,Intermediary node
W_JIN1607,5684.63,3784.28,Intermediary node
W_JIN1608,5890.66,3779.49,Intermediary node
W_JIN1609,6096.68,3779.49,Intermediary node
W_JIN1610,6300.32,3777.09,Intermediary node
W_JIN1611,6462.87,3775.07,Intermediary node
W_JIN1612,6616.19,3779.86,Intermediary node
W_JIN1613,6836.95,3781.89,Intermediary node
W_JIN1614,7040.22,3779.86,Intermediary node
W_JIN1615,7143.24,3777.46,Intermediary node
W_JTN1616,4873.8,3735.87,Terminal node
W_JTN1617,4956.35,3741.16,Terminal node
W_JTN1618,5102.48,3741.16,Terminal node
W_JTN1619,5181.54,3743.55,Terminal node
W_JTN1620,5339.65,3738.76,Terminal node
W_JTN1621,5413.16,3741.98,Terminal node
W_JTN1622,5545.68,3736.37,Terminal node
W_JTN1623,5658.28,3741.16,Terminal node
W_JTN1624,5710.98,3741.16,Terminal node
W_JTN1625,5859.51,3741.16,Terminal node
W_JTN1626,5928.99,3741.16,Terminal node
W_JTN1627,6058.35,3733.97,Terminal node
W_JTN1628,6135.01,3736.37,Terminal node
W_JTN1629,6271.57,3733.97,Terminal node
W_JTN1630,6338.65,3733.97,Terminal node
W_JTN1631,6432.08,3738.76,Terminal node
W_JTN1632,6494.37,3738.76,Terminal node
W_JTN1633,6583,3743.55,Terminal node
W_JTN1634,6650.08,3741.16,Terminal node
W_JTN1635,6781.85,3738.76,Terminal node
W_JTN1636,6882.46,3738.76,Terminal node
W_JTN1637,6983.08,3738.76,Terminal node
W_JTN1638,7071.72,3736.37,Terminal node
W_JTN1639,7145.99,3719.6,Terminal node
W_JIN1640,5599.77,4229.77,Intermediary node
W_JIN1641,5716.41,4229.77,Intermediary node
W_JIN1642,5906.41,4225.89,Intermediary node
W_JIN1643,6124.46,4225.89,Intermediary node
W_JIN1644,6310.89,4230.88,Intermediary node
W_JIN1645,6494.02,4229.77,Intermediary node
W_JIN1646,6649.54,4231.46,Intermediary node
W_JIN1647,6872.68,4224.7,Intermediary node
W_JIN1648,7063.25,4224.22,Intermediary node
W_JTN1649,5679.22,4270.34,Terminal node
W_JTN1650,5750.22,4266.96,Terminal node
W_JTN1651,5873.63,4266.96,Terminal node
W_JTN1652,5948.01,4265.27,Terminal node
W_JTN1653,6064.65,4261.89,Terminal node
W_JTN1654,6155.93,4260.2,Terminal node
W_JTN1655,6260.74,4261.89,Terminal node
W_JTN1656,6348.64,4261.89,Terminal node
W_JTN1657,6451.76,4265.27,Terminal node
W_JTN1658,6524.45,4266.96,Terminal node
W_JTN1659,6600.52,4263.58,Terminal node
W_JTN1660,6685.04,4263.58,Terminal node
W_JTN1661,6833.8,4256.82,Terminal node
W_JTN1662,6904.8,4255.13,Terminal node
W_JTN1663,7028.2,4251.74,Terminal node
W_JTN1664,7128.94,4253.35,Terminal node
W_JIN1665,5598.22,4588.37,Intermediary node
W_JIN1666,5593.86,4928.5,Intermediary node
W_JIN1667,7190.06,4914.71,Intermediary node
W_JIN1668,5590.62,5475.11,Intermediary node
W_JIN1669,7205.43,5481.59,Intermediary node
W_JIN1670,5697.49,4591.11,Intermediary node
W_JIN1671,5892.31,4592.16,Intermediary node
W_JIN1672,6078.24,4595.96,Intermediary node
W_JIN1673,6250.9,4592.16,Intermediary node
W_JIN1674,6429.24,4599.75,Intermediary node
W_JIN1675,6594.31,4595.96,Intermediary node
W_JIN1676,6749.88,4597.86,Intermediary node
W_JIN1677,6888.39,4595.96,Intermediary node
W_JIN1678,7019.3,4599.75,Intermediary node
W_JIN1679,7152.11,4594.06,Intermediary node
W_JIN1680,5711.69,4918.25,Intermediary node
W_JIN1681,5896.13,4915.69,Intermediary node
W_JIN1682,6101.05,4915.69,Intermediary node
W_JIN1683,6300.86,4915.69,Intermediary node
W_JIN1684,6514.62,4914.71,Intermediary node
W_JIN1685,6710.04,4909.01,Intermediary node
W_JIN1686,6901.67,4909.01,Intermediary node
W_JIN1687,7097.09,4909.01,Intermediary node
W_JIN1688,5702.58,5201.2,Intermediary node
W_JIN1689,5899.9,5195.51,Intermediary node
W_JIN1690,6104.8,5193.61,Intermediary node
W_JIN1691,6304.02,5191.71,Intermediary node
W_JIN1692,6499.44,5191.71,Intermediary node
W_JIN1693,6696.76,5197.4,Intermediary node
W_JIN1694,6894.08,5191.71,Intermediary node
W_JIN1695,7106.58,5189.81,Intermediary node
W_JIN1696,5691.19,5480.1,Intermediary node
W_JIN1697,5892.31,5480.1,Intermediary node
W_JIN1698,6097.21,5482,Intermediary node
W_JIN1699,6300.22,5478.2,Intermediary node
W_JIN1700,6493.75,5483.89,Intermediary node
W_JIN1701,6683.52,5484.28,Intermediary node
W_JIN1702,6899.77,5489.59,Intermediary node
W_JIN1703,7097.09,5485.79,Intermediary node
W_JTN1704,5657.85,4638.18,Terminal node
W_JTN1705,5747.04,4638.18,Terminal node
W_JTN1706,5652.9,4553.95,Terminal node
W_JTN1707,5756.67,4558.39,Terminal node
W_JTN1708,5856.05,4633.23,Terminal node
W_JTN1709,5937.8,4638.18,Terminal node
W_JTN1710,5858.52,4556.43,Terminal node
W_JTN1711,5937.8,4558.91,Terminal node
W_JTN1712,6041.85,4638.18,Terminal node
W_JTN1713,6118.65,4635.71,Terminal node
W_JTN1715,6123.61,4556.43,Terminal node
W_JTN1714,6049.28,4551.48,Terminal node
W_JTN1716,6220.22,4635.71,Terminal node
W_JTN1717,6294.55,4635.71,Terminal node
W_JTN1719,6294.55,4553.95,Terminal node
W_JTN1718,6222.7,4551.48,Terminal node
W_JTN1720,6383.73,4638.18,Terminal node
W_JTN1721,6475.4,4640.66,Terminal node
W_JTN1722,6401.08,4558.91,Terminal node
W_JTN1723,6482.83,4563.86,Terminal node
W_JTN1726,6594.31,4556.43,Terminal node
W_JTN1724,6564.58,4638.18,Terminal node
W_JTN1725,6624.04,4640.66,Terminal node
W_JTN1727,6747.91,4645.62,Terminal node
W_JTN1728,6718.18,4566.34,Terminal node
W_JTN1729,6782.6,4553.95,Terminal node
W_JTN1732,6896.56,4551.48,Terminal node
W_JTN1730,6851.96,4640.66,Terminal node
W_JTN1731,6916.38,4638.18,Terminal node
W_JTN1734,6985.74,4563.86,Terminal node
W_JTN1735,7055.11,4561.38,Terminal node
W_JTN1733,7037.77,4635.71,Terminal node
W_JTN1738,7151.73,4549,Terminal node
W_JTN1736,7112.09,4640.66,Terminal node
W_JTN1737,7171.55,4638.18,Terminal node
W_JTN1739,5675.83,4954.11,Terminal node
W_JTN1740,5763.54,4944.05,Terminal node
W_JTN1741,5682.17,4898.84,Terminal node
W_JTN1742,5744.99,4900.32,Terminal node
W_JTN1743,5865.26,4941.79,Terminal node
W_JTN1744,5942.11,4944.05,Terminal node
W_JTN1745,5849.44,4894.32,Terminal node
W_JTN1746,5931.99,4892.63,Terminal node
W_JTN1747,6052.87,4946.31,Terminal node
W_JTN1748,6145.55,4948.57,Terminal node
W_JTN1749,6057.6,4893.91,Terminal node
W_JTN1750,6147.81,4892.06,Terminal node
W_JTN1751,6254.05,4946.31,Terminal node
W_JTN1752,6348.98,4946.31,Terminal node
W_JTN1753,6260.83,4885.28,Terminal node
W_JTN1754,6346.72,4880.76,Terminal node
W_JTN1755,6471.04,4939.53,Terminal node
W_JTN1756,6565.98,4941.79,Terminal node
W_JTN1757,6475.56,4894.32,Terminal node
W_JTN1758,6561.46,4896.58,Terminal node
W_JTN1759,6669.96,4937.27,Terminal node
W_JTN1760,6744.55,4937.27,Terminal node
W_JTN1761,6658.65,4885.28,Terminal node
W_JTN1762,6755.85,4885.28,Terminal node
W_JTN1763,6859.83,4932.75,Terminal node
W_JTN1764,6943.46,4939.53,Terminal node
W_JTN1765,6862.09,4885.28,Terminal node
W_JTN1766,6943.46,4885.28,Terminal node
W_JTN1767,7058.74,4928.22,Terminal node
W_JTN1768,7164.98,4941.79,Terminal node
W_JTN1769,7061,4883.02,Terminal node
W_JTN1770,7133.33,4885.28,Terminal node
W_JTN1771,5670.36,5231.68,Terminal node
W_JTN1772,5739.98,5231.68,Terminal node
W_JTN1773,5650.53,5174.61,Terminal node
W_JTN1774,5754.5,5174.61,Terminal node
W_JTN1775,5859.71,5220.54,Terminal node
W_JTN1776,5937.68,5217.75,Terminal node
W_JTN1777,5859.71,5170.42,Terminal node
W_JTN1778,5937.68,5167.63,Terminal node
W_JTN1779,6061.91,5219.81,Terminal node
W_JTN1780,6156.85,5231.12,Terminal node
W_JTN1781,6061.91,5167.82,Terminal node
W_JTN1782,6136.51,5167.82,Terminal node
W_JTN1783,6251.79,5217.55,Terminal node
W_JTN1784,6346.72,5233.38,Terminal node
W_JTN1785,6265.35,5167.82,Terminal node
W_JTN1786,6344.22,5162.06,Terminal node
W_JTN1789,6464.26,5165.56,Terminal node
W_JTN1790,6541.11,5167.82,Terminal node
W_JTN1787,6450.7,5215.29,Terminal node
W_JTN1788,6543.37,5231.12,Terminal node
W_JTN1791,6654.13,5215.29,Terminal node
W_JTN1792,6736.84,5223.32,Terminal node
W_JTN1793,6660.91,5172.35,Terminal node
W_JTN1794,6731.27,5167.63,Terminal node
W_JTN1795,6864.35,5217.55,Terminal node
W_JTN1796,6928.97,5220.54,Terminal node
W_JTN1797,6850.79,5163.3,Terminal node
W_JTN1798,6932.16,5163.3,Terminal node
W_JTN1799,7062.62,5220.54,Terminal node
W_JTN1800,7146.16,5217.75,Terminal node
W_JTN1801,7062.62,5159.28,Terminal node
W_JTN1802,7146.16,5156.49,Terminal node
W_JTN1805,5661.83,5459.41,Terminal node
W_JTN1803,5639.22,5509.14,Terminal node
W_JTN1804,5747.72,5520.44,Terminal node
W_JTN1806,5718.34,5452.63,Terminal node
W_JTN1807,5851.7,5504.62,Terminal node
W_JTN1808,5946.63,5518.18,Terminal node
W_JTN1809,5856.22,5457.15,Terminal node
W_JTN1810,5946.63,5452.63,Terminal node
W_JTN1811,6073.22,5511.4,Terminal node
W_JTN1812,6125.2,5511.4,Terminal node
W_JTN1813,6073.59,5446.3,Terminal node
W_JTN1814,6143.47,5444.35,Terminal node
W_JTN1815,6258,5512.3,Terminal node
W_JTN1816,6345.35,5512.3,Terminal node
W_JTN1817,6251.79,5461.67,Terminal node
W_JTN1818,6343.41,5444.35,Terminal node
W_JTN1819,6455.22,5515.92,Terminal node
W_JTN1820,6527.55,5502.36,Terminal node
W_JTN1821,6459.74,5452.63,Terminal node
W_JTN1822,6534.33,5452.63,Terminal node
W_JTN1823,6647.35,5515.92,Terminal node
W_JTN1824,6724.2,5518.18,Terminal node
W_JTN1825,6651.87,5454.89,Terminal node
W_JTN1826,6721.94,5452.63,Terminal node
W_JTN1827,6862.09,5513.66,Terminal node
W_JTN1828,6947.98,5522.7,Terminal node
W_JTN1829,6866.61,5459.41,Terminal node
W_JTN1830,6932.16,5461.67,Terminal node
W_JTN1831,7049.7,5529.49,Terminal node
W_JTN1832,7140.11,5511.4,Terminal node
W_JTN1833,7061,5461.67,Terminal node
W_JTN1834,7133.47,5456,Terminal node
W_R1,3417.14,6817.5,Reservoir
W_R2,3367.02,5905.17,Reservoir
W_T1,4721.885,4330.802,Tank